0,1
Datasets\captcha_images_v2\kvluk9.png,kvluk9
Datasets\captcha_images_v2\mvsuxv.png,mvsuxv
Datasets\captcha_images_v2\8xs8c0.png,8xs8c0
Datasets\captcha_images_v2\ia9ohq.png,ia9ohq
Datasets\captcha_images_v2\acog61.png,acog61
Datasets\captcha_images_v2\y64ryb.png,y64ryb
Datasets\captcha_images_v2\cea21q.png,cea21q
Datasets\captcha_images_v2\r4og2x.png,r4og2x
Datasets\captcha_images_v2\phzp68.png,phzp68
Datasets\captcha_images_v2\04kuoq.png,04kuoq
Datasets\captcha_images_v2\76slia.png,76slia
Datasets\captcha_images_v2\ztxejs.png,ztxejs
Datasets\captcha_images_v2\ihi25z.png,ihi25z
Datasets\captcha_images_v2\m3szla.png,m3szla
Datasets\captcha_images_v2\r0j4en.png,r0j4en
Datasets\captcha_images_v2\8l1jlp.png,8l1jlp
Datasets\captcha_images_v2\307frb.png,307frb
Datasets\captcha_images_v2\42y1dc.png,42y1dc
Datasets\captcha_images_v2\qj1b29.png,qj1b29
Datasets\captcha_images_v2\j9ur1d.png,j9ur1d
Datasets\captcha_images_v2\07p4qw.png,07p4qw
Datasets\captcha_images_v2\ai0j46.png,ai0j46
Datasets\captcha_images_v2\mgghxv.png,mgghxv
Datasets\captcha_images_v2\kycbq2.png,kycbq2
Datasets\captcha_images_v2\81nx6r.png,81nx6r
Datasets\captcha_images_v2\sc9tum.png,sc9tum
Datasets\captcha_images_v2\em7n4b.png,em7n4b
Datasets\captcha_images_v2\z196s1.png,z196s1
Datasets\captcha_images_v2\cuax0e.png,cuax0e
Datasets\captcha_images_v2\xv1751.png,xv1751
Datasets\captcha_images_v2\3sfv4p.png,3sfv4p
Datasets\captcha_images_v2\f7bc41.png,f7bc41
Datasets\captcha_images_v2\28vocc.png,28vocc
Datasets\captcha_images_v2\aa4zsa.png,aa4zsa
Datasets\captcha_images_v2\t91lh7.png,t91lh7
Datasets\captcha_images_v2\ymfzpl.png,ymfzpl
Datasets\captcha_images_v2\5mwpm3.png,5mwpm3
Datasets\captcha_images_v2\ea9oty.png,ea9oty
Datasets\captcha_images_v2\g3mjja.png,g3mjja
Datasets\captcha_images_v2\9hc99a.png,9hc99a
Datasets\captcha_images_v2\gri6ut.png,gri6ut
Datasets\captcha_images_v2\cr78x3.png,cr78x3
Datasets\captcha_images_v2\4je1hh.png,4je1hh
Datasets\captcha_images_v2\7yzzwu.png,7yzzwu
Datasets\captcha_images_v2\rkr9un.png,rkr9un
Datasets\captcha_images_v2\l6w57m.png,l6w57m
Datasets\captcha_images_v2\es84nv.png,es84nv
Datasets\captcha_images_v2\ftyrgo.png,ftyrgo
Datasets\captcha_images_v2\mi3c0e.png,mi3c0e
Datasets\captcha_images_v2\z15u2p.png,z15u2p
Datasets\captcha_images_v2\acmffh.png,acmffh
Datasets\captcha_images_v2\4cl9wp.png,4cl9wp
Datasets\captcha_images_v2\puzzzj.png,puzzzj
Datasets\captcha_images_v2\igqf4p.png,igqf4p
Datasets\captcha_images_v2\61lhqp.png,61lhqp
Datasets\captcha_images_v2\pxj1en.png,pxj1en
Datasets\captcha_images_v2\dt66us.png,dt66us
Datasets\captcha_images_v2\w8ttkt.png,w8ttkt
Datasets\captcha_images_v2\s0x112.png,s0x112
Datasets\captcha_images_v2\6ktmj9.png,6ktmj9
Datasets\captcha_images_v2\d02ma9.png,d02ma9
Datasets\captcha_images_v2\lm9dky.png,lm9dky
Datasets\captcha_images_v2\6y7u72.png,6y7u72
Datasets\captcha_images_v2\0iu7u8.png,0iu7u8
Datasets\captcha_images_v2\1p09zm.png,1p09zm
Datasets\captcha_images_v2\gycsk8.png,gycsk8
Datasets\captcha_images_v2\68lxv9.png,68lxv9
Datasets\captcha_images_v2\dxbevu.png,dxbevu
Datasets\captcha_images_v2\mu6mhw.png,mu6mhw
Datasets\captcha_images_v2\tb82ye.png,tb82ye
Datasets\captcha_images_v2\whyymc.png,whyymc
Datasets\captcha_images_v2\wbu3ix.png,wbu3ix
Datasets\captcha_images_v2\22pnes.png,22pnes
Datasets\captcha_images_v2\vsfqnc.png,vsfqnc
Datasets\captcha_images_v2\6wnmg9.png,6wnmg9
Datasets\captcha_images_v2\9fkw62.png,9fkw62
Datasets\captcha_images_v2\rhrn95.png,rhrn95
Datasets\captcha_images_v2\17c98s.png,17c98s
Datasets\captcha_images_v2\mie8ki.png,mie8ki
Datasets\captcha_images_v2\rree9q.png,rree9q
Datasets\captcha_images_v2\u2qral.png,u2qral
Datasets\captcha_images_v2\lkkijw.png,lkkijw
Datasets\captcha_images_v2\zfwfvw.png,zfwfvw
Datasets\captcha_images_v2\38s2po.png,38s2po
Datasets\captcha_images_v2\pn0fl6.png,pn0fl6
Datasets\captcha_images_v2\99opdj.png,99opdj
Datasets\captcha_images_v2\rdclkb.png,rdclkb
Datasets\captcha_images_v2\22a2pd.png,22a2pd
Datasets\captcha_images_v2\dxkiep.png,dxkiep
Datasets\captcha_images_v2\jkmd0g.png,jkmd0g
Datasets\captcha_images_v2\pm43p6.png,pm43p6
Datasets\captcha_images_v2\ver0e9.png,ver0e9
Datasets\captcha_images_v2\itr825.png,itr825
Datasets\captcha_images_v2\e7fvp7.png,e7fvp7
Datasets\captcha_images_v2\e9cabk.png,e9cabk
Datasets\captcha_images_v2\d5yzmz.png,d5yzmz
Datasets\captcha_images_v2\u8xkbg.png,u8xkbg
Datasets\captcha_images_v2\tnkvqg.png,tnkvqg
Datasets\captcha_images_v2\qkc6qv.png,qkc6qv
Datasets\captcha_images_v2\8mkelm.png,8mkelm
Datasets\captcha_images_v2\c5eu66.png,c5eu66
Datasets\captcha_images_v2\bt8xmc.png,bt8xmc
Datasets\captcha_images_v2\98vqlh.png,98vqlh
Datasets\captcha_images_v2\y5udve.png,y5udve
Datasets\captcha_images_v2\07zw0p.png,07zw0p
Datasets\captcha_images_v2\dsvp0y.png,dsvp0y
Datasets\captcha_images_v2\lnhqni.png,lnhqni
Datasets\captcha_images_v2\bkb7wz.png,bkb7wz
Datasets\captcha_images_v2\7xi3x8.png,7xi3x8
Datasets\captcha_images_v2\xfzm7x.png,xfzm7x
Datasets\captcha_images_v2\fvqnyh.png,fvqnyh
Datasets\captcha_images_v2\7esyoq.png,7esyoq
Datasets\captcha_images_v2\4oj6q1.png,4oj6q1
Datasets\captcha_images_v2\lgpeqy.png,lgpeqy
Datasets\captcha_images_v2\7s3g4v.png,7s3g4v
Datasets\captcha_images_v2\xusqqf.png,xusqqf
Datasets\captcha_images_v2\noqnm0.png,noqnm0
Datasets\captcha_images_v2\mmvn47.png,mmvn47
Datasets\captcha_images_v2\qep84x.png,qep84x
Datasets\captcha_images_v2\eefr6d.png,eefr6d
Datasets\captcha_images_v2\fmzhxs.png,fmzhxs
Datasets\captcha_images_v2\8qeda4.png,8qeda4
Datasets\captcha_images_v2\jzh8zd.png,jzh8zd
Datasets\captcha_images_v2\10u2ns.png,10u2ns
Datasets\captcha_images_v2\q62vl1.png,q62vl1
Datasets\captcha_images_v2\ol0qk6.png,ol0qk6
Datasets\captcha_images_v2\vecftu.png,vecftu
Datasets\captcha_images_v2\z3pqy7.png,z3pqy7
Datasets\captcha_images_v2\exdsdz.png,exdsdz
Datasets\captcha_images_v2\z6zih5.png,z6zih5
Datasets\captcha_images_v2\f8s7s6.png,f8s7s6
Datasets\captcha_images_v2\nqhipq.png,nqhipq
Datasets\captcha_images_v2\7sgni6.png,7sgni6
Datasets\captcha_images_v2\0z2jox.png,0z2jox
Datasets\captcha_images_v2\ngkcl2.png,ngkcl2
Datasets\captcha_images_v2\btzsyy.png,btzsyy
Datasets\captcha_images_v2\odjkye.png,odjkye
Datasets\captcha_images_v2\saknzh.png,saknzh
Datasets\captcha_images_v2\qzxt58.png,qzxt58
Datasets\captcha_images_v2\wpzs1k.png,wpzs1k
Datasets\captcha_images_v2\vzs1um.png,vzs1um
Datasets\captcha_images_v2\t3me7a.png,t3me7a
Datasets\captcha_images_v2\rxebkm.png,rxebkm
Datasets\captcha_images_v2\sz95l0.png,sz95l0
Datasets\captcha_images_v2\th6rjg.png,th6rjg
Datasets\captcha_images_v2\s6u8zc.png,s6u8zc
Datasets\captcha_images_v2\mjueow.png,mjueow
Datasets\captcha_images_v2\u7cn56.png,u7cn56
Datasets\captcha_images_v2\lot6gt.png,lot6gt
Datasets\captcha_images_v2\jl3i4s.png,jl3i4s
Datasets\captcha_images_v2\j9e17w.png,j9e17w
Datasets\captcha_images_v2\ipcigr.png,ipcigr
Datasets\captcha_images_v2\5h4tpe.png,5h4tpe
Datasets\captcha_images_v2\yagi6r.png,yagi6r
Datasets\captcha_images_v2\450c1p.png,450c1p
Datasets\captcha_images_v2\eo39rr.png,eo39rr
Datasets\captcha_images_v2\dyqcnc.png,dyqcnc
Datasets\captcha_images_v2\eigpyv.png,eigpyv
Datasets\captcha_images_v2\ucazyg.png,ucazyg
Datasets\captcha_images_v2\g7kncg.png,g7kncg
Datasets\captcha_images_v2\jjkm2q.png,jjkm2q
Datasets\captcha_images_v2\cdgosf.png,cdgosf
Datasets\captcha_images_v2\zvlvw4.png,zvlvw4
Datasets\captcha_images_v2\ywu5df.png,ywu5df
Datasets\captcha_images_v2\lkgthk.png,lkgthk
Datasets\captcha_images_v2\b10d9n.png,b10d9n
Datasets\captcha_images_v2\mc8vhq.png,mc8vhq
Datasets\captcha_images_v2\1dendy.png,1dendy
Datasets\captcha_images_v2\u446bu.png,u446bu
Datasets\captcha_images_v2\vm89sg.png,vm89sg
Datasets\captcha_images_v2\1f3elo.png,1f3elo
Datasets\captcha_images_v2\h6n95w.png,h6n95w
Datasets\captcha_images_v2\5ic6kc.png,5ic6kc
Datasets\captcha_images_v2\76y54c.png,76y54c
Datasets\captcha_images_v2\520u5o.png,520u5o
Datasets\captcha_images_v2\kh1dyu.png,kh1dyu
Datasets\captcha_images_v2\wi105t.png,wi105t
Datasets\captcha_images_v2\mmiafy.png,mmiafy
Datasets\captcha_images_v2\ahmmwl.png,ahmmwl
Datasets\captcha_images_v2\yokx1r.png,yokx1r
Datasets\captcha_images_v2\8d6fvx.png,8d6fvx
Datasets\captcha_images_v2\t56dn8.png,t56dn8
Datasets\captcha_images_v2\m069lk.png,m069lk
Datasets\captcha_images_v2\toliaj.png,toliaj
Datasets\captcha_images_v2\ebtouv.png,ebtouv
Datasets\captcha_images_v2\abz9lb.png,abz9lb
Datasets\captcha_images_v2\ou2gdp.png,ou2gdp
Datasets\captcha_images_v2\2q35pr.png,2q35pr
Datasets\captcha_images_v2\ur9fqn.png,ur9fqn
Datasets\captcha_images_v2\f0mp7i.png,f0mp7i
Datasets\captcha_images_v2\iprqsc.png,iprqsc
Datasets\captcha_images_v2\jpc8y3.png,jpc8y3
Datasets\captcha_images_v2\mspria.png,mspria
Datasets\captcha_images_v2\q4lti8.png,q4lti8
Datasets\captcha_images_v2\15xt3b.png,15xt3b
Datasets\captcha_images_v2\k33gky.png,k33gky
Datasets\captcha_images_v2\y5z9bh.png,y5z9bh
Datasets\captcha_images_v2\d7bhq1.png,d7bhq1
Datasets\captcha_images_v2\07vk13.png,07vk13
Datasets\captcha_images_v2\k94yq4.png,k94yq4
Datasets\captcha_images_v2\ec1adg.png,ec1adg
Datasets\captcha_images_v2\4gv93b.png,4gv93b
Datasets\captcha_images_v2\i83bnl.png,i83bnl
Datasets\captcha_images_v2\5ej9gf.png,5ej9gf
Datasets\captcha_images_v2\gvuj51.png,gvuj51
Datasets\captcha_images_v2\ynfe81.png,ynfe81
Datasets\captcha_images_v2\eps9x7.png,eps9x7
Datasets\captcha_images_v2\bb1fky.png,bb1fky
Datasets\captcha_images_v2\g5ofmx.png,g5ofmx
Datasets\captcha_images_v2\gz30jv.png,gz30jv
Datasets\captcha_images_v2\zvm3q6.png,zvm3q6
Datasets\captcha_images_v2\22i5sk.png,22i5sk
Datasets\captcha_images_v2\ti0f1y.png,ti0f1y
Datasets\captcha_images_v2\5699k6.png,5699k6
Datasets\captcha_images_v2\8ijqoa.png,8ijqoa
Datasets\captcha_images_v2\bz3fap.png,bz3fap
Datasets\captcha_images_v2\oab3a0.png,oab3a0
Datasets\captcha_images_v2\bzh3ah.png,bzh3ah
Datasets\captcha_images_v2\ly7ldn.png,ly7ldn
Datasets\captcha_images_v2\f3rge3.png,f3rge3
Datasets\captcha_images_v2\ioz5sb.png,ioz5sb
Datasets\captcha_images_v2\r07dve.png,r07dve
Datasets\captcha_images_v2\fjeqb8.png,fjeqb8
Datasets\captcha_images_v2\trne4f.png,trne4f
Datasets\captcha_images_v2\zpjjq2.png,zpjjq2
Datasets\captcha_images_v2\kuseap.png,kuseap
Datasets\captcha_images_v2\nr67cb.png,nr67cb
Datasets\captcha_images_v2\ngv49u.png,ngv49u
Datasets\captcha_images_v2\ei4kqa.png,ei4kqa
Datasets\captcha_images_v2\3zfthm.png,3zfthm
Datasets\captcha_images_v2\u7n8zp.png,u7n8zp
Datasets\captcha_images_v2\ylc3x9.png,ylc3x9
Datasets\captcha_images_v2\wc70qy.png,wc70qy
Datasets\captcha_images_v2\7hskvk.png,7hskvk
Datasets\captcha_images_v2\hjs87m.png,hjs87m
Datasets\captcha_images_v2\1kfdkv.png,1kfdkv
Datasets\captcha_images_v2\zfh1k5.png,zfh1k5
Datasets\captcha_images_v2\ghtydo.png,ghtydo
Datasets\captcha_images_v2\sxh6eg.png,sxh6eg
Datasets\captcha_images_v2\e0yca0.png,e0yca0
Datasets\captcha_images_v2\pxey8k.png,pxey8k
Datasets\captcha_images_v2\q3vzbf.png,q3vzbf
Datasets\captcha_images_v2\svsihv.png,svsihv
Datasets\captcha_images_v2\zy2n0f.png,zy2n0f
Datasets\captcha_images_v2\lw1f4b.png,lw1f4b
Datasets\captcha_images_v2\3iv6j2.png,3iv6j2
Datasets\captcha_images_v2\7zadag.png,7zadag
Datasets\captcha_images_v2\3zw208.png,3zw208
Datasets\captcha_images_v2\77cmv2.png,77cmv2
Datasets\captcha_images_v2\3ox7p9.png,3ox7p9
Datasets\captcha_images_v2\1b119s.png,1b119s
Datasets\captcha_images_v2\b90jzb.png,b90jzb
Datasets\captcha_images_v2\6r5w6s.png,6r5w6s
Datasets\captcha_images_v2\n23g3a.png,n23g3a
Datasets\captcha_images_v2\zaz6us.png,zaz6us
Datasets\captcha_images_v2\wttyqo.png,wttyqo
Datasets\captcha_images_v2\iw7zzh.png,iw7zzh
Datasets\captcha_images_v2\huj4rc.png,huj4rc
Datasets\captcha_images_v2\qgphjw.png,qgphjw
Datasets\captcha_images_v2\383s6t.png,383s6t
Datasets\captcha_images_v2\tjbfg0.png,tjbfg0
Datasets\captcha_images_v2\jnker1.png,jnker1
Datasets\captcha_images_v2\rmrazf.png,rmrazf
Datasets\captcha_images_v2\wl96sb.png,wl96sb
Datasets\captcha_images_v2\falej2.png,falej2
Datasets\captcha_images_v2\tou13z.png,tou13z
Datasets\captcha_images_v2\lxkp9s.png,lxkp9s
Datasets\captcha_images_v2\84qevr.png,84qevr
Datasets\captcha_images_v2\weg8ym.png,weg8ym
Datasets\captcha_images_v2\jsnu5d.png,jsnu5d
Datasets\captcha_images_v2\5axaln.png,5axaln
Datasets\captcha_images_v2\yuv3xl.png,yuv3xl
Datasets\captcha_images_v2\ct1wys.png,ct1wys
Datasets\captcha_images_v2\6uof20.png,6uof20
Datasets\captcha_images_v2\uts27c.png,uts27c
Datasets\captcha_images_v2\gundc0.png,gundc0
Datasets\captcha_images_v2\jagmtl.png,jagmtl
Datasets\captcha_images_v2\qlr39e.png,qlr39e
Datasets\captcha_images_v2\fcf272.png,fcf272
Datasets\captcha_images_v2\bysgnb.png,bysgnb
Datasets\captcha_images_v2\8wv277.png,8wv277
Datasets\captcha_images_v2\wfxk88.png,wfxk88
Datasets\captcha_images_v2\0g469y.png,0g469y
Datasets\captcha_images_v2\05qhlg.png,05qhlg
Datasets\captcha_images_v2\35j1u1.png,35j1u1
Datasets\captcha_images_v2\jzmtqx.png,jzmtqx
Datasets\captcha_images_v2\gyknrq.png,gyknrq
Datasets\captcha_images_v2\e716cc.png,e716cc
Datasets\captcha_images_v2\qyxjxc.png,qyxjxc
Datasets\captcha_images_v2\17ws3a.png,17ws3a
Datasets\captcha_images_v2\ifmfab.png,ifmfab
Datasets\captcha_images_v2\sds3ww.png,sds3ww
Datasets\captcha_images_v2\21bdq1.png,21bdq1
Datasets\captcha_images_v2\5958oh.png,5958oh
Datasets\captcha_images_v2\wvjt7u.png,wvjt7u
Datasets\captcha_images_v2\cdt5au.png,cdt5au
Datasets\captcha_images_v2\naickj.png,naickj
Datasets\captcha_images_v2\mckh02.png,mckh02
Datasets\captcha_images_v2\qmzsr6.png,qmzsr6
Datasets\captcha_images_v2\886e6c.png,886e6c
Datasets\captcha_images_v2\qyqhbx.png,qyqhbx
Datasets\captcha_images_v2\mf5elp.png,mf5elp
Datasets\captcha_images_v2\y52n5n.png,y52n5n
Datasets\captcha_images_v2\y44f8i.png,y44f8i
Datasets\captcha_images_v2\5gufwk.png,5gufwk
Datasets\captcha_images_v2\61008f.png,61008f
Datasets\captcha_images_v2\r56f3p.png,r56f3p
Datasets\captcha_images_v2\trjy1l.png,trjy1l
Datasets\captcha_images_v2\fejr3m.png,fejr3m
Datasets\captcha_images_v2\do00mi.png,do00mi
Datasets\captcha_images_v2\u8qzq8.png,u8qzq8
Datasets\captcha_images_v2\fivv84.png,fivv84
Datasets\captcha_images_v2\ikwqmx.png,ikwqmx
Datasets\captcha_images_v2\bm36ul.png,bm36ul
Datasets\captcha_images_v2\auu01w.png,auu01w
Datasets\captcha_images_v2\8irfgw.png,8irfgw
Datasets\captcha_images_v2\akp1v9.png,akp1v9
Datasets\captcha_images_v2\v2j4h6.png,v2j4h6
Datasets\captcha_images_v2\3r7l2y.png,3r7l2y
Datasets\captcha_images_v2\o42w12.png,o42w12
Datasets\captcha_images_v2\92hy9l.png,92hy9l
Datasets\captcha_images_v2\5qt6y2.png,5qt6y2
Datasets\captcha_images_v2\akdr3n.png,akdr3n
Datasets\captcha_images_v2\9qtozr.png,9qtozr
Datasets\captcha_images_v2\qf9tn4.png,qf9tn4
Datasets\captcha_images_v2\8iqmy0.png,8iqmy0
Datasets\captcha_images_v2\slc4ng.png,slc4ng
Datasets\captcha_images_v2\s7gmlb.png,s7gmlb
Datasets\captcha_images_v2\shwbna.png,shwbna
Datasets\captcha_images_v2\5x67po.png,5x67po
Datasets\captcha_images_v2\8e12zf.png,8e12zf
Datasets\captcha_images_v2\nh5im0.png,nh5im0
Datasets\captcha_images_v2\subkl3.png,subkl3
Datasets\captcha_images_v2\qf2at9.png,qf2at9
Datasets\captcha_images_v2\9ijdjg.png,9ijdjg
Datasets\captcha_images_v2\12i8rp.png,12i8rp
Datasets\captcha_images_v2\msun2m.png,msun2m
Datasets\captcha_images_v2\zb50dk.png,zb50dk
Datasets\captcha_images_v2\5phujk.png,5phujk
Datasets\captcha_images_v2\csjics.png,csjics
Datasets\captcha_images_v2\rdna2g.png,rdna2g
Datasets\captcha_images_v2\db0918.png,db0918
Datasets\captcha_images_v2\ytoqo2.png,ytoqo2
Datasets\captcha_images_v2\7t5384.png,7t5384
Datasets\captcha_images_v2\xsvc6b.png,xsvc6b
Datasets\captcha_images_v2\dpwuhu.png,dpwuhu
Datasets\captcha_images_v2\k0cto5.png,k0cto5
Datasets\captcha_images_v2\niteci.png,niteci
Datasets\captcha_images_v2\lnoqx0.png,lnoqx0
Datasets\captcha_images_v2\p0lxen.png,p0lxen
Datasets\captcha_images_v2\2u339o.png,2u339o
Datasets\captcha_images_v2\hlg34l.png,hlg34l
Datasets\captcha_images_v2\24wdhc.png,24wdhc
Datasets\captcha_images_v2\960cjq.png,960cjq
Datasets\captcha_images_v2\7bczta.png,7bczta
Datasets\captcha_images_v2\1o8idw.png,1o8idw
Datasets\captcha_images_v2\awjajv.png,awjajv
Datasets\captcha_images_v2\1bnvxb.png,1bnvxb
Datasets\captcha_images_v2\pqgzk7.png,pqgzk7
Datasets\captcha_images_v2\i8ea6u.png,i8ea6u
Datasets\captcha_images_v2\d1ma8j.png,d1ma8j
Datasets\captcha_images_v2\p7gpts.png,p7gpts
Datasets\captcha_images_v2\2af1du.png,2af1du
Datasets\captcha_images_v2\6iqp3j.png,6iqp3j
Datasets\captcha_images_v2\bjlm93.png,bjlm93
Datasets\captcha_images_v2\hv0tal.png,hv0tal
Datasets\captcha_images_v2\36nsad.png,36nsad
Datasets\captcha_images_v2\v1t7fv.png,v1t7fv
Datasets\captcha_images_v2\awldlp.png,awldlp
Datasets\captcha_images_v2\urgh5g.png,urgh5g
Datasets\captcha_images_v2\0j2s62.png,0j2s62
Datasets\captcha_images_v2\g4hx83.png,g4hx83
Datasets\captcha_images_v2\p2pnwi.png,p2pnwi
Datasets\captcha_images_v2\yi4998.png,yi4998
Datasets\captcha_images_v2\7uv8w1.png,7uv8w1
Datasets\captcha_images_v2\34a40t.png,34a40t
Datasets\captcha_images_v2\ckfz31.png,ckfz31
Datasets\captcha_images_v2\snzpli.png,snzpli
Datasets\captcha_images_v2\lgpf20.png,lgpf20
Datasets\captcha_images_v2\bkmbmt.png,bkmbmt
Datasets\captcha_images_v2\ob77uc.png,ob77uc
Datasets\captcha_images_v2\p37hut.png,p37hut
Datasets\captcha_images_v2\wfpyvd.png,wfpyvd
Datasets\captcha_images_v2\gsdekc.png,gsdekc
Datasets\captcha_images_v2\c9kmgj.png,c9kmgj
Datasets\captcha_images_v2\gcu8lt.png,gcu8lt
Datasets\captcha_images_v2\goa49l.png,goa49l
Datasets\captcha_images_v2\c7s4ry.png,c7s4ry
Datasets\captcha_images_v2\xpwqhp.png,xpwqhp
Datasets\captcha_images_v2\b4saod.png,b4saod
Datasets\captcha_images_v2\9fxeif.png,9fxeif
Datasets\captcha_images_v2\nhx0qx.png,nhx0qx
Datasets\captcha_images_v2\8a9o7m.png,8a9o7m
Datasets\captcha_images_v2\2sxitt.png,2sxitt
Datasets\captcha_images_v2\u37fgj.png,u37fgj
Datasets\captcha_images_v2\ro4kps.png,ro4kps
Datasets\captcha_images_v2\wzdo29.png,wzdo29
Datasets\captcha_images_v2\9v53xr.png,9v53xr
Datasets\captcha_images_v2\wt2b1v.png,wt2b1v
Datasets\captcha_images_v2\p9b54x.png,p9b54x
Datasets\captcha_images_v2\g5yqaa.png,g5yqaa
Datasets\captcha_images_v2\z68kju.png,z68kju
Datasets\captcha_images_v2\umxvk4.png,umxvk4
Datasets\captcha_images_v2\90x20o.png,90x20o
Datasets\captcha_images_v2\bklciq.png,bklciq
Datasets\captcha_images_v2\ux4irc.png,ux4irc
Datasets\captcha_images_v2\e9umvw.png,e9umvw
Datasets\captcha_images_v2\dbsq1z.png,dbsq1z
Datasets\captcha_images_v2\scj9zx.png,scj9zx
Datasets\captcha_images_v2\zb92av.png,zb92av
Datasets\captcha_images_v2\k50has.png,k50has
Datasets\captcha_images_v2\gaf68i.png,gaf68i
Datasets\captcha_images_v2\evos7s.png,evos7s
Datasets\captcha_images_v2\iex9m0.png,iex9m0
Datasets\captcha_images_v2\2zz3w2.png,2zz3w2
Datasets\captcha_images_v2\zy3som.png,zy3som
Datasets\captcha_images_v2\dvj54l.png,dvj54l
Datasets\captcha_images_v2\zvvft0.png,zvvft0
Datasets\captcha_images_v2\pjrimm.png,pjrimm
Datasets\captcha_images_v2\14mbd6.png,14mbd6
Datasets\captcha_images_v2\xl9cqt.png,xl9cqt
Datasets\captcha_images_v2\pgfpoz.png,pgfpoz
Datasets\captcha_images_v2\8u0qrc.png,8u0qrc
Datasets\captcha_images_v2\tnmdid.png,tnmdid
Datasets\captcha_images_v2\4pxwbc.png,4pxwbc
Datasets\captcha_images_v2\r9im4p.png,r9im4p
Datasets\captcha_images_v2\jxu6tq.png,jxu6tq
Datasets\captcha_images_v2\fw80bs.png,fw80bs
Datasets\captcha_images_v2\fa9bm7.png,fa9bm7
Datasets\captcha_images_v2\7uo2sf.png,7uo2sf
Datasets\captcha_images_v2\aiw4yp.png,aiw4yp
Datasets\captcha_images_v2\qk3kwr.png,qk3kwr
Datasets\captcha_images_v2\9nqj2p.png,9nqj2p
Datasets\captcha_images_v2\rp1wtx.png,rp1wtx
Datasets\captcha_images_v2\zw2msv.png,zw2msv
Datasets\captcha_images_v2\l89t6o.png,l89t6o
Datasets\captcha_images_v2\vdo8kr.png,vdo8kr
Datasets\captcha_images_v2\ybn2dw.png,ybn2dw
Datasets\captcha_images_v2\4igq3a.png,4igq3a
Datasets\captcha_images_v2\gtgblv.png,gtgblv
Datasets\captcha_images_v2\97t6xh.png,97t6xh
Datasets\captcha_images_v2\0ew0kz.png,0ew0kz
Datasets\captcha_images_v2\n6i2gp.png,n6i2gp
Datasets\captcha_images_v2\bzmc08.png,bzmc08
Datasets\captcha_images_v2\pf41hr.png,pf41hr
Datasets\captcha_images_v2\zbkgha.png,zbkgha
Datasets\captcha_images_v2\yicj18.png,yicj18
Datasets\captcha_images_v2\dxu5pk.png,dxu5pk
Datasets\captcha_images_v2\hpv2ux.png,hpv2ux
Datasets\captcha_images_v2\scgrot.png,scgrot
Datasets\captcha_images_v2\60160k.png,60160k
Datasets\captcha_images_v2\jrb220.png,jrb220
Datasets\captcha_images_v2\xby9mj.png,xby9mj
Datasets\captcha_images_v2\v0kkyb.png,v0kkyb
Datasets\captcha_images_v2\de8iiw.png,de8iiw
Datasets\captcha_images_v2\unfapm.png,unfapm
Datasets\captcha_images_v2\khvdey.png,khvdey
Datasets\captcha_images_v2\pw2c8q.png,pw2c8q
Datasets\captcha_images_v2\ywludu.png,ywludu
Datasets\captcha_images_v2\6ku8wt.png,6ku8wt
Datasets\captcha_images_v2\ud7bup.png,ud7bup
Datasets\captcha_images_v2\31l00h.png,31l00h
Datasets\captcha_images_v2\gy0391.png,gy0391
Datasets\captcha_images_v2\500rev.png,500rev
Datasets\captcha_images_v2\6ixmex.png,6ixmex
Datasets\captcha_images_v2\o9t4hs.png,o9t4hs
Datasets\captcha_images_v2\28ppnz.png,28ppnz
Datasets\captcha_images_v2\2lmdkt.png,2lmdkt
Datasets\captcha_images_v2\g13d7h.png,g13d7h
Datasets\captcha_images_v2\9wf8tu.png,9wf8tu
Datasets\captcha_images_v2\evthfj.png,evthfj
Datasets\captcha_images_v2\w04xt7.png,w04xt7
Datasets\captcha_images_v2\23aw7g.png,23aw7g
Datasets\captcha_images_v2\wf4z39.png,wf4z39
Datasets\captcha_images_v2\caof6c.png,caof6c
Datasets\captcha_images_v2\lyajzg.png,lyajzg
Datasets\captcha_images_v2\rwk5t9.png,rwk5t9
Datasets\captcha_images_v2\gw8zdx.png,gw8zdx
Datasets\captcha_images_v2\olz2rt.png,olz2rt
Datasets\captcha_images_v2\yave4h.png,yave4h
Datasets\captcha_images_v2\h6egy2.png,h6egy2
Datasets\captcha_images_v2\ig8lkf.png,ig8lkf
Datasets\captcha_images_v2\wansk9.png,wansk9
Datasets\captcha_images_v2\kphmtu.png,kphmtu
Datasets\captcha_images_v2\3bj0xr.png,3bj0xr
Datasets\captcha_images_v2\fm0rpx.png,fm0rpx
Datasets\captcha_images_v2\g4a66b.png,g4a66b
Datasets\captcha_images_v2\j8jbwz.png,j8jbwz
Datasets\captcha_images_v2\00tsqw.png,00tsqw
Datasets\captcha_images_v2\vl6dvj.png,vl6dvj
Datasets\captcha_images_v2\2uafcj.png,2uafcj
Datasets\captcha_images_v2\15ke3a.png,15ke3a
Datasets\captcha_images_v2\938243.png,938243
Datasets\captcha_images_v2\yy4t8h.png,yy4t8h
Datasets\captcha_images_v2\bwpmwn.png,bwpmwn
Datasets\captcha_images_v2\vqzpqr.png,vqzpqr
Datasets\captcha_images_v2\qwvm55.png,qwvm55
Datasets\captcha_images_v2\s0t0i2.png,s0t0i2
Datasets\captcha_images_v2\99blo7.png,99blo7
Datasets\captcha_images_v2\rzb4tl.png,rzb4tl
Datasets\captcha_images_v2\r0yibd.png,r0yibd
Datasets\captcha_images_v2\u60z3j.png,u60z3j
Datasets\captcha_images_v2\8b3kgh.png,8b3kgh
Datasets\captcha_images_v2\6gtiex.png,6gtiex
Datasets\captcha_images_v2\xbmnzm.png,xbmnzm
Datasets\captcha_images_v2\tvd1z0.png,tvd1z0
Datasets\captcha_images_v2\084laj.png,084laj
Datasets\captcha_images_v2\tam3c1.png,tam3c1
Datasets\captcha_images_v2\siel88.png,siel88
Datasets\captcha_images_v2\67ptr9.png,67ptr9
Datasets\captcha_images_v2\sadfbe.png,sadfbe
Datasets\captcha_images_v2\m7avwk.png,m7avwk
Datasets\captcha_images_v2\4i70lt.png,4i70lt
Datasets\captcha_images_v2\8jy956.png,8jy956
Datasets\captcha_images_v2\ru2y2r.png,ru2y2r
Datasets\captcha_images_v2\hs4gnb.png,hs4gnb
Datasets\captcha_images_v2\wi4s1i.png,wi4s1i
Datasets\captcha_images_v2\wozy7y.png,wozy7y
Datasets\captcha_images_v2\gxk9pr.png,gxk9pr
Datasets\captcha_images_v2\db0skp.png,db0skp
Datasets\captcha_images_v2\gizn6q.png,gizn6q
Datasets\captcha_images_v2\fs5sq5.png,fs5sq5
Datasets\captcha_images_v2\y1dof2.png,y1dof2
Datasets\captcha_images_v2\flxhn7.png,flxhn7
Datasets\captcha_images_v2\ky977b.png,ky977b
Datasets\captcha_images_v2\rthg1t.png,rthg1t
Datasets\captcha_images_v2\kcmdtq.png,kcmdtq
Datasets\captcha_images_v2\dala53.png,dala53
Datasets\captcha_images_v2\12yx3h.png,12yx3h
Datasets\captcha_images_v2\fr1gj8.png,fr1gj8
Datasets\captcha_images_v2\8yb6vv.png,8yb6vv
Datasets\captcha_images_v2\z5jvy3.png,z5jvy3
Datasets\captcha_images_v2\gwxrow.png,gwxrow
Datasets\captcha_images_v2\tkk8fe.png,tkk8fe
Datasets\captcha_images_v2\c6hvcd.png,c6hvcd
Datasets\captcha_images_v2\cp5omb.png,cp5omb
Datasets\captcha_images_v2\mt91pt.png,mt91pt
Datasets\captcha_images_v2\kvafed.png,kvafed
Datasets\captcha_images_v2\1bviw6.png,1bviw6
Datasets\captcha_images_v2\xu846o.png,xu846o
Datasets\captcha_images_v2\l429zd.png,l429zd
Datasets\captcha_images_v2\7ugek4.png,7ugek4
Datasets\captcha_images_v2\lv5vxl.png,lv5vxl
Datasets\captcha_images_v2\43ppz8.png,43ppz8
Datasets\captcha_images_v2\notm48.png,notm48
Datasets\captcha_images_v2\4vf1lj.png,4vf1lj
Datasets\captcha_images_v2\zg5b87.png,zg5b87
Datasets\captcha_images_v2\f97r5v.png,f97r5v
Datasets\captcha_images_v2\vk7aba.png,vk7aba
Datasets\captcha_images_v2\skvujo.png,skvujo
Datasets\captcha_images_v2\n9x1id.png,n9x1id
Datasets\captcha_images_v2\xdq60h.png,xdq60h
Datasets\captcha_images_v2\077ldh.png,077ldh
Datasets\captcha_images_v2\ey3skr.png,ey3skr
Datasets\captcha_images_v2\hnbju8.png,hnbju8
Datasets\captcha_images_v2\wedmxy.png,wedmxy
Datasets\captcha_images_v2\d1ip3t.png,d1ip3t
Datasets\captcha_images_v2\e3cl4z.png,e3cl4z
Datasets\captcha_images_v2\85m14u.png,85m14u
Datasets\captcha_images_v2\462525.png,462525
Datasets\captcha_images_v2\qh0fhk.png,qh0fhk
Datasets\captcha_images_v2\14jd4e.png,14jd4e
Datasets\captcha_images_v2\fiorqr.png,fiorqr
Datasets\captcha_images_v2\n89b2r.png,n89b2r
Datasets\captcha_images_v2\egpynh.png,egpynh
Datasets\captcha_images_v2\0skdc7.png,0skdc7
Datasets\captcha_images_v2\39ap6l.png,39ap6l
Datasets\captcha_images_v2\y5kygh.png,y5kygh
Datasets\captcha_images_v2\odrlvx.png,odrlvx
Datasets\captcha_images_v2\nh3w9h.png,nh3w9h
Datasets\captcha_images_v2\xlp7fk.png,xlp7fk
Datasets\captcha_images_v2\nw04dw.png,nw04dw
Datasets\captcha_images_v2\0kwege.png,0kwege
Datasets\captcha_images_v2\ct4u3m.png,ct4u3m
Datasets\captcha_images_v2\jsrrgb.png,jsrrgb
Datasets\captcha_images_v2\npcbqd.png,npcbqd
Datasets\captcha_images_v2\u92vu5.png,u92vu5
Datasets\captcha_images_v2\d4nnto.png,d4nnto
Datasets\captcha_images_v2\30lhzp.png,30lhzp
Datasets\captcha_images_v2\ghm10m.png,ghm10m
Datasets\captcha_images_v2\sdtk1e.png,sdtk1e
Datasets\captcha_images_v2\tihlof.png,tihlof
Datasets\captcha_images_v2\dzzuey.png,dzzuey
Datasets\captcha_images_v2\1j1f0r.png,1j1f0r
Datasets\captcha_images_v2\3n4ddp.png,3n4ddp
Datasets\captcha_images_v2\rq22jk.png,rq22jk
Datasets\captcha_images_v2\8u0cwa.png,8u0cwa
Datasets\captcha_images_v2\kpo3t5.png,kpo3t5
Datasets\captcha_images_v2\r0dqys.png,r0dqys
Datasets\captcha_images_v2\phrmc7.png,phrmc7
Datasets\captcha_images_v2\qnyd9n.png,qnyd9n
Datasets\captcha_images_v2\qsdu36.png,qsdu36
Datasets\captcha_images_v2\4sz2d7.png,4sz2d7
Datasets\captcha_images_v2\faxyba.png,faxyba
Datasets\captcha_images_v2\62jg7d.png,62jg7d
Datasets\captcha_images_v2\7ewtcv.png,7ewtcv
Datasets\captcha_images_v2\408avs.png,408avs
Datasets\captcha_images_v2\z9s6c2.png,z9s6c2
Datasets\captcha_images_v2\ymc86f.png,ymc86f
Datasets\captcha_images_v2\yqaefg.png,yqaefg
Datasets\captcha_images_v2\19b4d0.png,19b4d0
Datasets\captcha_images_v2\smu3cq.png,smu3cq
Datasets\captcha_images_v2\kfo763.png,kfo763
Datasets\captcha_images_v2\t35n28.png,t35n28
Datasets\captcha_images_v2\s77j8v.png,s77j8v
Datasets\captcha_images_v2\2kn8t5.png,2kn8t5
Datasets\captcha_images_v2\86cmt3.png,86cmt3
Datasets\captcha_images_v2\dh0org.png,dh0org
Datasets\captcha_images_v2\24157c.png,24157c
Datasets\captcha_images_v2\6p7mws.png,6p7mws
Datasets\captcha_images_v2\dcfo13.png,dcfo13
Datasets\captcha_images_v2\pdbkd3.png,pdbkd3
Datasets\captcha_images_v2\lwy4bn.png,lwy4bn
Datasets\captcha_images_v2\ghmvci.png,ghmvci
Datasets\captcha_images_v2\od3ht5.png,od3ht5
Datasets\captcha_images_v2\vqcaez.png,vqcaez
Datasets\captcha_images_v2\vpsm5h.png,vpsm5h
Datasets\captcha_images_v2\jb3k1x.png,jb3k1x
Datasets\captcha_images_v2\0bxrcp.png,0bxrcp
Datasets\captcha_images_v2\12sym0.png,12sym0
Datasets\captcha_images_v2\2ejmak.png,2ejmak
Datasets\captcha_images_v2\451a1g.png,451a1g
Datasets\captcha_images_v2\9aja7r.png,9aja7r
Datasets\captcha_images_v2\1tyxdd.png,1tyxdd
Datasets\captcha_images_v2\67yhgx.png,67yhgx
Datasets\captcha_images_v2\aq44jz.png,aq44jz
Datasets\captcha_images_v2\mimahr.png,mimahr
Datasets\captcha_images_v2\2xmv5k.png,2xmv5k
Datasets\captcha_images_v2\ssgcp7.png,ssgcp7
Datasets\captcha_images_v2\ey379e.png,ey379e
Datasets\captcha_images_v2\c0y95s.png,c0y95s
Datasets\captcha_images_v2\eky2ox.png,eky2ox
Datasets\captcha_images_v2\9t1i7l.png,9t1i7l
Datasets\captcha_images_v2\m0r4ei.png,m0r4ei
Datasets\captcha_images_v2\3x0yra.png,3x0yra
Datasets\captcha_images_v2\cw6mqr.png,cw6mqr
Datasets\captcha_images_v2\y292od.png,y292od
Datasets\captcha_images_v2\e2q0gx.png,e2q0gx
Datasets\captcha_images_v2\2jl57w.png,2jl57w
Datasets\captcha_images_v2\i69eke.png,i69eke
Datasets\captcha_images_v2\s4nfc3.png,s4nfc3
Datasets\captcha_images_v2\6zd07h.png,6zd07h
Datasets\captcha_images_v2\4pezcu.png,4pezcu
Datasets\captcha_images_v2\0fjwc4.png,0fjwc4
Datasets\captcha_images_v2\t7sc65.png,t7sc65
Datasets\captcha_images_v2\kxzwgz.png,kxzwgz
Datasets\captcha_images_v2\lwms5d.png,lwms5d
Datasets\captcha_images_v2\k6hu0o.png,k6hu0o
Datasets\captcha_images_v2\6b2660.png,6b2660
Datasets\captcha_images_v2\0ubbdo.png,0ubbdo
Datasets\captcha_images_v2\os80n6.png,os80n6
Datasets\captcha_images_v2\oplgjb.png,oplgjb
Datasets\captcha_images_v2\gq5s3x.png,gq5s3x
Datasets\captcha_images_v2\n4195h.png,n4195h
Datasets\captcha_images_v2\90ube1.png,90ube1
Datasets\captcha_images_v2\tzyi7p.png,tzyi7p
Datasets\captcha_images_v2\h2m059.png,h2m059
Datasets\captcha_images_v2\y427p5.png,y427p5
Datasets\captcha_images_v2\i33zgy.png,i33zgy
Datasets\captcha_images_v2\v006hs.png,v006hs
Datasets\captcha_images_v2\qvhm18.png,qvhm18
Datasets\captcha_images_v2\4wmhzw.png,4wmhzw
Datasets\captcha_images_v2\3k7qt8.png,3k7qt8
Datasets\captcha_images_v2\f7idg0.png,f7idg0
Datasets\captcha_images_v2\fy1ko3.png,fy1ko3
Datasets\captcha_images_v2\nf9nb0.png,nf9nb0
Datasets\captcha_images_v2\ry0pvg.png,ry0pvg
Datasets\captcha_images_v2\kae79l.png,kae79l
Datasets\captcha_images_v2\9xgsxy.png,9xgsxy
Datasets\captcha_images_v2\7sn760.png,7sn760
Datasets\captcha_images_v2\l5jp17.png,l5jp17
Datasets\captcha_images_v2\w41jla.png,w41jla
Datasets\captcha_images_v2\yw9f6j.png,yw9f6j
Datasets\captcha_images_v2\gns9n2.png,gns9n2
Datasets\captcha_images_v2\94jmwq.png,94jmwq
Datasets\captcha_images_v2\wj6kb4.png,wj6kb4
Datasets\captcha_images_v2\l4a2cv.png,l4a2cv
Datasets\captcha_images_v2\58c2y4.png,58c2y4
Datasets\captcha_images_v2\jfke54.png,jfke54
Datasets\captcha_images_v2\b9omhj.png,b9omhj
Datasets\captcha_images_v2\uxkgnu.png,uxkgnu
Datasets\captcha_images_v2\nfhiad.png,nfhiad
Datasets\captcha_images_v2\qks3xz.png,qks3xz
Datasets\captcha_images_v2\eher9r.png,eher9r
Datasets\captcha_images_v2\6j39af.png,6j39af
Datasets\captcha_images_v2\yn6utb.png,yn6utb
Datasets\captcha_images_v2\upi5yw.png,upi5yw
Datasets\captcha_images_v2\pevma9.png,pevma9
Datasets\captcha_images_v2\31t7qz.png,31t7qz
Datasets\captcha_images_v2\n86ikq.png,n86ikq
Datasets\captcha_images_v2\mk1lkr.png,mk1lkr
Datasets\captcha_images_v2\35mrzn.png,35mrzn
Datasets\captcha_images_v2\dzkd6u.png,dzkd6u
Datasets\captcha_images_v2\p0rkb0.png,p0rkb0
Datasets\captcha_images_v2\r24u66.png,r24u66
Datasets\captcha_images_v2\rlfvbl.png,rlfvbl
Datasets\captcha_images_v2\3lf6m1.png,3lf6m1
Datasets\captcha_images_v2\vob5y3.png,vob5y3
Datasets\captcha_images_v2\z6t7x5.png,z6t7x5
Datasets\captcha_images_v2\fgb66c.png,fgb66c
Datasets\captcha_images_v2\bumgr5.png,bumgr5
Datasets\captcha_images_v2\4llet4.png,4llet4
Datasets\captcha_images_v2\pu77ep.png,pu77ep
Datasets\captcha_images_v2\rg329b.png,rg329b
Datasets\captcha_images_v2\r4az0u.png,r4az0u
Datasets\captcha_images_v2\dso5rf.png,dso5rf
Datasets\captcha_images_v2\75dxbl.png,75dxbl
Datasets\captcha_images_v2\nr7yap.png,nr7yap
Datasets\captcha_images_v2\4ej1ct.png,4ej1ct
Datasets\captcha_images_v2\8kfxmo.png,8kfxmo
Datasets\captcha_images_v2\p2g2p6.png,p2g2p6
Datasets\captcha_images_v2\7jmsd0.png,7jmsd0
Datasets\captcha_images_v2\vsn2lg.png,vsn2lg
Datasets\captcha_images_v2\y8sddg.png,y8sddg
Datasets\captcha_images_v2\hzkwqo.png,hzkwqo
Datasets\captcha_images_v2\hh4w9d.png,hh4w9d
Datasets\captcha_images_v2\6l2rg5.png,6l2rg5
Datasets\captcha_images_v2\apu7gp.png,apu7gp
Datasets\captcha_images_v2\agxxcb.png,agxxcb
Datasets\captcha_images_v2\akrqs9.png,akrqs9
Datasets\captcha_images_v2\31vxk3.png,31vxk3
Datasets\captcha_images_v2\qncfzt.png,qncfzt
Datasets\captcha_images_v2\0502g5.png,0502g5
Datasets\captcha_images_v2\ahfkqs.png,ahfkqs
Datasets\captcha_images_v2\4u941p.png,4u941p
Datasets\captcha_images_v2\h2yale.png,h2yale
Datasets\captcha_images_v2\hbz3jm.png,hbz3jm
Datasets\captcha_images_v2\gmh3gu.png,gmh3gu
Datasets\captcha_images_v2\gcycud.png,gcycud
Datasets\captcha_images_v2\imm7b3.png,imm7b3
Datasets\captcha_images_v2\hcuml6.png,hcuml6
Datasets\captcha_images_v2\wrt1ig.png,wrt1ig
Datasets\captcha_images_v2\cxt5ls.png,cxt5ls
Datasets\captcha_images_v2\xu6ixu.png,xu6ixu
Datasets\captcha_images_v2\ahufwi.png,ahufwi
Datasets\captcha_images_v2\olt7tz.png,olt7tz
Datasets\captcha_images_v2\buesst.png,buesst
Datasets\captcha_images_v2\dny5wk.png,dny5wk
Datasets\captcha_images_v2\8qadsm.png,8qadsm
Datasets\captcha_images_v2\giecy2.png,giecy2
Datasets\captcha_images_v2\3lv8d0.png,3lv8d0
Datasets\captcha_images_v2\txokec.png,txokec
Datasets\captcha_images_v2\0nwqh0.png,0nwqh0
Datasets\captcha_images_v2\v7hcv2.png,v7hcv2
Datasets\captcha_images_v2\r1sj6u.png,r1sj6u
Datasets\captcha_images_v2\j9opdf.png,j9opdf
Datasets\captcha_images_v2\f1d3lo.png,f1d3lo
Datasets\captcha_images_v2\h1komt.png,h1komt
Datasets\captcha_images_v2\7c4cfk.png,7c4cfk
Datasets\captcha_images_v2\i3ar9i.png,i3ar9i
Datasets\captcha_images_v2\d3ghhr.png,d3ghhr
Datasets\captcha_images_v2\aq3qkm.png,aq3qkm
Datasets\captcha_images_v2\z5scj7.png,z5scj7
Datasets\captcha_images_v2\8moy6q.png,8moy6q
Datasets\captcha_images_v2\dq0anr.png,dq0anr
Datasets\captcha_images_v2\0qdzbm.png,0qdzbm
Datasets\captcha_images_v2\555neo.png,555neo
Datasets\captcha_images_v2\gs8zyo.png,gs8zyo
Datasets\captcha_images_v2\56m5nv.png,56m5nv
Datasets\captcha_images_v2\n7wz9z.png,n7wz9z
Datasets\captcha_images_v2\88ds9b.png,88ds9b
Datasets\captcha_images_v2\m371dn.png,m371dn
Datasets\captcha_images_v2\v1wvxw.png,v1wvxw
Datasets\captcha_images_v2\1ai9u9.png,1ai9u9
Datasets\captcha_images_v2\3vwb6s.png,3vwb6s
Datasets\captcha_images_v2\58mjyv.png,58mjyv
Datasets\captcha_images_v2\rhuphr.png,rhuphr
Datasets\captcha_images_v2\idn8fq.png,idn8fq
Datasets\captcha_images_v2\jpkv12.png,jpkv12
Datasets\captcha_images_v2\w35enk.png,w35enk
Datasets\captcha_images_v2\0f748e.png,0f748e
Datasets\captcha_images_v2\y167xx.png,y167xx
Datasets\captcha_images_v2\o17qel.png,o17qel
Datasets\captcha_images_v2\86bf5y.png,86bf5y
Datasets\captcha_images_v2\0dtb1o.png,0dtb1o
Datasets\captcha_images_v2\56hjei.png,56hjei
Datasets\captcha_images_v2\wec5ld.png,wec5ld
Datasets\captcha_images_v2\ccl2lv.png,ccl2lv
Datasets\captcha_images_v2\1jinbe.png,1jinbe
Datasets\captcha_images_v2\9l3ahv.png,9l3ahv
Datasets\captcha_images_v2\81bo6a.png,81bo6a
Datasets\captcha_images_v2\klk8jk.png,klk8jk
Datasets\captcha_images_v2\lr3pth.png,lr3pth
Datasets\captcha_images_v2\9aqe8j.png,9aqe8j
Datasets\captcha_images_v2\kysgvn.png,kysgvn
Datasets\captcha_images_v2\jgcohx.png,jgcohx
Datasets\captcha_images_v2\ee9h06.png,ee9h06
Datasets\captcha_images_v2\fpnf7q.png,fpnf7q
Datasets\captcha_images_v2\t4urjz.png,t4urjz
Datasets\captcha_images_v2\d6ecmy.png,d6ecmy
Datasets\captcha_images_v2\18zogt.png,18zogt
Datasets\captcha_images_v2\qifqk4.png,qifqk4
Datasets\captcha_images_v2\qhuyp4.png,qhuyp4
Datasets\captcha_images_v2\kijt92.png,kijt92
Datasets\captcha_images_v2\7574eb.png,7574eb
Datasets\captcha_images_v2\5qlprx.png,5qlprx
Datasets\captcha_images_v2\7b1eud.png,7b1eud
Datasets\captcha_images_v2\z6hvpx.png,z6hvpx
Datasets\captcha_images_v2\qh1bfi.png,qh1bfi
Datasets\captcha_images_v2\86pf5i.png,86pf5i
Datasets\captcha_images_v2\z93r37.png,z93r37
Datasets\captcha_images_v2\05jv4m.png,05jv4m
Datasets\captcha_images_v2\cyibji.png,cyibji
Datasets\captcha_images_v2\5d94gu.png,5d94gu
Datasets\captcha_images_v2\jbf2kp.png,jbf2kp
Datasets\captcha_images_v2\v9edgv.png,v9edgv
Datasets\captcha_images_v2\ua7h3h.png,ua7h3h
Datasets\captcha_images_v2\nthfit.png,nthfit
Datasets\captcha_images_v2\2jyw74.png,2jyw74
Datasets\captcha_images_v2\81pr7l.png,81pr7l
Datasets\captcha_images_v2\jtk29i.png,jtk29i
Datasets\captcha_images_v2\5l1vjz.png,5l1vjz
Datasets\captcha_images_v2\t4e2bz.png,t4e2bz
Datasets\captcha_images_v2\rt5tiv.png,rt5tiv
Datasets\captcha_images_v2\spqrsd.png,spqrsd
Datasets\captcha_images_v2\p87h0n.png,p87h0n
Datasets\captcha_images_v2\e4fd9f.png,e4fd9f
Datasets\captcha_images_v2\8ntqlq.png,8ntqlq
Datasets\captcha_images_v2\p776pz.png,p776pz
Datasets\captcha_images_v2\mxjpoy.png,mxjpoy
Datasets\captcha_images_v2\uvbtaf.png,uvbtaf
Datasets\captcha_images_v2\6lmqnr.png,6lmqnr
Datasets\captcha_images_v2\zz47me.png,zz47me
Datasets\captcha_images_v2\v3y8rh.png,v3y8rh
Datasets\captcha_images_v2\i3nzi2.png,i3nzi2
Datasets\captcha_images_v2\vw2u84.png,vw2u84
Datasets\captcha_images_v2\mfjmsr.png,mfjmsr
Datasets\captcha_images_v2\rs4nz6.png,rs4nz6
Datasets\captcha_images_v2\jr8cfe.png,jr8cfe
Datasets\captcha_images_v2\iglcpv.png,iglcpv
Datasets\captcha_images_v2\nxwdhd.png,nxwdhd
Datasets\captcha_images_v2\y4mwzm.png,y4mwzm
Datasets\captcha_images_v2\6fnbtj.png,6fnbtj
Datasets\captcha_images_v2\aojyei.png,aojyei
Datasets\captcha_images_v2\08c1t1.png,08c1t1
Datasets\captcha_images_v2\bu17jv.png,bu17jv
Datasets\captcha_images_v2\dw5gll.png,dw5gll
Datasets\captcha_images_v2\qy7qzg.png,qy7qzg
Datasets\captcha_images_v2\7ew9uk.png,7ew9uk
Datasets\captcha_images_v2\6fm378.png,6fm378
Datasets\captcha_images_v2\du553d.png,du553d
Datasets\captcha_images_v2\rz46u4.png,rz46u4
Datasets\captcha_images_v2\cu6nrm.png,cu6nrm
Datasets\captcha_images_v2\c30yok.png,c30yok
Datasets\captcha_images_v2\hvm31y.png,hvm31y
Datasets\captcha_images_v2\7met6i.png,7met6i
Datasets\captcha_images_v2\ua2b7m.png,ua2b7m
Datasets\captcha_images_v2\n1ghxp.png,n1ghxp
Datasets\captcha_images_v2\moyt81.png,moyt81
Datasets\captcha_images_v2\a0h5i1.png,a0h5i1
Datasets\captcha_images_v2\mpnyjl.png,mpnyjl
Datasets\captcha_images_v2\egk8w1.png,egk8w1
Datasets\captcha_images_v2\yv672k.png,yv672k
Datasets\captcha_images_v2\ermdgb.png,ermdgb
Datasets\captcha_images_v2\ztwomu.png,ztwomu
Datasets\captcha_images_v2\rvbrdf.png,rvbrdf
Datasets\captcha_images_v2\ww382j.png,ww382j
Datasets\captcha_images_v2\ausinz.png,ausinz
Datasets\captcha_images_v2\gdy9pg.png,gdy9pg
Datasets\captcha_images_v2\bwox7d.png,bwox7d
Datasets\captcha_images_v2\h1hzoh.png,h1hzoh
Datasets\captcha_images_v2\kb3qsw.png,kb3qsw
Datasets\captcha_images_v2\1h7oet.png,1h7oet
Datasets\captcha_images_v2\ctekse.png,ctekse
Datasets\captcha_images_v2\cbo6j6.png,cbo6j6
Datasets\captcha_images_v2\b4238f.png,b4238f
Datasets\captcha_images_v2\d2g9kp.png,d2g9kp
Datasets\captcha_images_v2\g6li3e.png,g6li3e
Datasets\captcha_images_v2\eqfk3t.png,eqfk3t
Datasets\captcha_images_v2\fzub1g.png,fzub1g
Datasets\captcha_images_v2\zidlte.png,zidlte
Datasets\captcha_images_v2\zuxzdo.png,zuxzdo
Datasets\captcha_images_v2\emzds5.png,emzds5
Datasets\captcha_images_v2\ot2cb6.png,ot2cb6
Datasets\captcha_images_v2\amcp6v.png,amcp6v
Datasets\captcha_images_v2\zub8f7.png,zub8f7
Datasets\captcha_images_v2\4905j7.png,4905j7
Datasets\captcha_images_v2\e10llo.png,e10llo
Datasets\captcha_images_v2\pwidwa.png,pwidwa
Datasets\captcha_images_v2\6in0en.png,6in0en
Datasets\captcha_images_v2\ybrbr5.png,ybrbr5
Datasets\captcha_images_v2\nzyj1j.png,nzyj1j
Datasets\captcha_images_v2\a1q78p.png,a1q78p
Datasets\captcha_images_v2\ucln8j.png,ucln8j
Datasets\captcha_images_v2\mrvm13.png,mrvm13
Datasets\captcha_images_v2\5zqaju.png,5zqaju
Datasets\captcha_images_v2\tw4agu.png,tw4agu
Datasets\captcha_images_v2\q0g0ug.png,q0g0ug
Datasets\captcha_images_v2\8289i8.png,8289i8
Datasets\captcha_images_v2\sbj9h6.png,sbj9h6
Datasets\captcha_images_v2\9dfsjy.png,9dfsjy
Datasets\captcha_images_v2\h5ebdq.png,h5ebdq
Datasets\captcha_images_v2\ye9eh4.png,ye9eh4
Datasets\captcha_images_v2\jgp08b.png,jgp08b
Datasets\captcha_images_v2\gqc1vt.png,gqc1vt
Datasets\captcha_images_v2\bcbt6i.png,bcbt6i
Datasets\captcha_images_v2\4nfwmj.png,4nfwmj
Datasets\captcha_images_v2\mr0ltv.png,mr0ltv
Datasets\captcha_images_v2\fp6eky.png,fp6eky
Datasets\captcha_images_v2\b9vbk3.png,b9vbk3
Datasets\captcha_images_v2\c0rzxf.png,c0rzxf
Datasets\captcha_images_v2\lpd25m.png,lpd25m
Datasets\captcha_images_v2\jxmtku.png,jxmtku
Datasets\captcha_images_v2\gx3f4v.png,gx3f4v
Datasets\captcha_images_v2\46ohm6.png,46ohm6
Datasets\captcha_images_v2\09r1ia.png,09r1ia
Datasets\captcha_images_v2\xr7xy9.png,xr7xy9
Datasets\captcha_images_v2\wgq6wb.png,wgq6wb
Datasets\captcha_images_v2\lorn3k.png,lorn3k
Datasets\captcha_images_v2\07f83r.png,07f83r
Datasets\captcha_images_v2\c8w9u7.png,c8w9u7
Datasets\captcha_images_v2\yh1tzy.png,yh1tzy
Datasets\captcha_images_v2\skcshi.png,skcshi
Datasets\captcha_images_v2\kdlbxr.png,kdlbxr
Datasets\captcha_images_v2\55gom9.png,55gom9
Datasets\captcha_images_v2\1genpa.png,1genpa
Datasets\captcha_images_v2\8lkm23.png,8lkm23
Datasets\captcha_images_v2\48dxvc.png,48dxvc
Datasets\captcha_images_v2\7wz5wi.png,7wz5wi
Datasets\captcha_images_v2\ckb7rh.png,ckb7rh
Datasets\captcha_images_v2\ihhyfc.png,ihhyfc
Datasets\captcha_images_v2\3h38k9.png,3h38k9
Datasets\captcha_images_v2\0zeb6q.png,0zeb6q
Datasets\captcha_images_v2\am83ru.png,am83ru
Datasets\captcha_images_v2\8tc2hd.png,8tc2hd
Datasets\captcha_images_v2\2tuikp.png,2tuikp
Datasets\captcha_images_v2\kbock8.png,kbock8
Datasets\captcha_images_v2\szsr8a.png,szsr8a
Datasets\captcha_images_v2\wfe90g.png,wfe90g
Datasets\captcha_images_v2\nlc9m3.png,nlc9m3
Datasets\captcha_images_v2\bhhvmx.png,bhhvmx
Datasets\captcha_images_v2\ocxwkg.png,ocxwkg
Datasets\captcha_images_v2\aqkfd3.png,aqkfd3
Datasets\captcha_images_v2\jiii51.png,jiii51
Datasets\captcha_images_v2\axt0of.png,axt0of
Datasets\captcha_images_v2\21f2d8.png,21f2d8
Datasets\captcha_images_v2\rfqnk9.png,rfqnk9
Datasets\captcha_images_v2\4v2shr.png,4v2shr
Datasets\captcha_images_v2\v0a2d5.png,v0a2d5
Datasets\captcha_images_v2\iojlfw.png,iojlfw
Datasets\captcha_images_v2\yzsyrg.png,yzsyrg
Datasets\captcha_images_v2\pk8okq.png,pk8okq
Datasets\captcha_images_v2\4liezy.png,4liezy
Datasets\captcha_images_v2\xpcky6.png,xpcky6
Datasets\captcha_images_v2\nltxgv.png,nltxgv
Datasets\captcha_images_v2\iicivn.png,iicivn
Datasets\captcha_images_v2\zk4beu.png,zk4beu
Datasets\captcha_images_v2\1pcwun.png,1pcwun
Datasets\captcha_images_v2\zc9j50.png,zc9j50
Datasets\captcha_images_v2\s5ynrq.png,s5ynrq
Datasets\captcha_images_v2\71rb78.png,71rb78
Datasets\captcha_images_v2\427nud.png,427nud
Datasets\captcha_images_v2\cidxz3.png,cidxz3
Datasets\captcha_images_v2\hmd0uk.png,hmd0uk
Datasets\captcha_images_v2\rmjpp2.png,rmjpp2
Datasets\captcha_images_v2\p5thrk.png,p5thrk
Datasets\captcha_images_v2\edc3vv.png,edc3vv
Datasets\captcha_images_v2\o1fbvo.png,o1fbvo
Datasets\captcha_images_v2\dui4z0.png,dui4z0
Datasets\captcha_images_v2\2vyo8c.png,2vyo8c
Datasets\captcha_images_v2\355cek.png,355cek
Datasets\captcha_images_v2\3we4tj.png,3we4tj
Datasets\captcha_images_v2\5b9ril.png,5b9ril
Datasets\captcha_images_v2\3jbark.png,3jbark
Datasets\captcha_images_v2\9orgxz.png,9orgxz
Datasets\captcha_images_v2\wmebav.png,wmebav
Datasets\captcha_images_v2\rk2ayy.png,rk2ayy
Datasets\captcha_images_v2\ui4ob6.png,ui4ob6
Datasets\captcha_images_v2\9hsypl.png,9hsypl
Datasets\captcha_images_v2\2yqbpx.png,2yqbpx
Datasets\captcha_images_v2\lgjiqq.png,lgjiqq
Datasets\captcha_images_v2\1blfkl.png,1blfkl
Datasets\captcha_images_v2\y9h538.png,y9h538
Datasets\captcha_images_v2\azp4rj.png,azp4rj
Datasets\captcha_images_v2\q0moy7.png,q0moy7
Datasets\captcha_images_v2\5xvr5g.png,5xvr5g
Datasets\captcha_images_v2\ugv0mz.png,ugv0mz
Datasets\captcha_images_v2\0ldcnb.png,0ldcnb
Datasets\captcha_images_v2\n1lfl3.png,n1lfl3
Datasets\captcha_images_v2\53jmi6.png,53jmi6
Datasets\captcha_images_v2\qekvqr.png,qekvqr
Datasets\captcha_images_v2\pb12zf.png,pb12zf
Datasets\captcha_images_v2\uvgkxk.png,uvgkxk
Datasets\captcha_images_v2\8y4l2n.png,8y4l2n
Datasets\captcha_images_v2\e0g657.png,e0g657
Datasets\captcha_images_v2\m2wovq.png,m2wovq
Datasets\captcha_images_v2\kc960b.png,kc960b
Datasets\captcha_images_v2\meayyl.png,meayyl
Datasets\captcha_images_v2\7p9kru.png,7p9kru
Datasets\captcha_images_v2\53vd7c.png,53vd7c
Datasets\captcha_images_v2\180kqp.png,180kqp
Datasets\captcha_images_v2\xo3bb8.png,xo3bb8
Datasets\captcha_images_v2\flumpp.png,flumpp
Datasets\captcha_images_v2\yrcj55.png,yrcj55
Datasets\captcha_images_v2\llrjry.png,llrjry
Datasets\captcha_images_v2\tg0x5s.png,tg0x5s
Datasets\captcha_images_v2\41f1c7.png,41f1c7
Datasets\captcha_images_v2\775tqh.png,775tqh
Datasets\captcha_images_v2\n2baxn.png,n2baxn
Datasets\captcha_images_v2\uqlkuk.png,uqlkuk
Datasets\captcha_images_v2\im7rys.png,im7rys
Datasets\captcha_images_v2\2rd18g.png,2rd18g
Datasets\captcha_images_v2\2v4t3o.png,2v4t3o
Datasets\captcha_images_v2\i8fr4z.png,i8fr4z
Datasets\captcha_images_v2\ixcxok.png,ixcxok
Datasets\captcha_images_v2\6gnjj0.png,6gnjj0
Datasets\captcha_images_v2\4sa3yi.png,4sa3yi
Datasets\captcha_images_v2\3gvb3l.png,3gvb3l
Datasets\captcha_images_v2\f5npkc.png,f5npkc
Datasets\captcha_images_v2\zyfmje.png,zyfmje
Datasets\captcha_images_v2\kkrr85.png,kkrr85
Datasets\captcha_images_v2\katpoa.png,katpoa
Datasets\captcha_images_v2\1kv670.png,1kv670
Datasets\captcha_images_v2\7bg4i7.png,7bg4i7
Datasets\captcha_images_v2\9i4m11.png,9i4m11
Datasets\captcha_images_v2\l6dcqm.png,l6dcqm
Datasets\captcha_images_v2\nfuz39.png,nfuz39
Datasets\captcha_images_v2\g92gy1.png,g92gy1
Datasets\captcha_images_v2\c4fzk8.png,c4fzk8
Datasets\captcha_images_v2\tr56kh.png,tr56kh
Datasets\captcha_images_v2\yv0ro7.png,yv0ro7
Datasets\captcha_images_v2\dy3v5x.png,dy3v5x
Datasets\captcha_images_v2\82rmul.png,82rmul
Datasets\captcha_images_v2\dr5r6r.png,dr5r6r
Datasets\captcha_images_v2\cw23s7.png,cw23s7
Datasets\captcha_images_v2\9fqzez.png,9fqzez
Datasets\captcha_images_v2\86xppv.png,86xppv
Datasets\captcha_images_v2\d04sjf.png,d04sjf
Datasets\captcha_images_v2\388uav.png,388uav
Datasets\captcha_images_v2\dk6awe.png,dk6awe
Datasets\captcha_images_v2\cd2pap.png,cd2pap
Datasets\captcha_images_v2\90sg3o.png,90sg3o
Datasets\captcha_images_v2\0z585i.png,0z585i
Datasets\captcha_images_v2\z5juki.png,z5juki
Datasets\captcha_images_v2\ye101k.png,ye101k
Datasets\captcha_images_v2\ehzahq.png,ehzahq
Datasets\captcha_images_v2\j6h5m1.png,j6h5m1
Datasets\captcha_images_v2\j963r6.png,j963r6
Datasets\captcha_images_v2\237ivk.png,237ivk
Datasets\captcha_images_v2\0movm0.png,0movm0
Datasets\captcha_images_v2\kcq2a9.png,kcq2a9
Datasets\captcha_images_v2\it4u0k.png,it4u0k
Datasets\captcha_images_v2\twudb4.png,twudb4
Datasets\captcha_images_v2\e2xkwj.png,e2xkwj
Datasets\captcha_images_v2\togn3s.png,togn3s
Datasets\captcha_images_v2\3uroax.png,3uroax
Datasets\captcha_images_v2\f63qu5.png,f63qu5
Datasets\captcha_images_v2\sr85i1.png,sr85i1
Datasets\captcha_images_v2\wlq74u.png,wlq74u
Datasets\captcha_images_v2\u9qwuh.png,u9qwuh
Datasets\captcha_images_v2\g4g9r1.png,g4g9r1
Datasets\captcha_images_v2\bat1lh.png,bat1lh
Datasets\captcha_images_v2\96yy6w.png,96yy6w
Datasets\captcha_images_v2\r0vx3r.png,r0vx3r
Datasets\captcha_images_v2\1hye5b.png,1hye5b
Datasets\captcha_images_v2\9bt37j.png,9bt37j
Datasets\captcha_images_v2\0ul5ye.png,0ul5ye
Datasets\captcha_images_v2\3eyyf1.png,3eyyf1
Datasets\captcha_images_v2\5k3l61.png,5k3l61
Datasets\captcha_images_v2\yw5m6k.png,yw5m6k
Datasets\captcha_images_v2\wy4m9j.png,wy4m9j
Datasets\captcha_images_v2\yjq7y2.png,yjq7y2
Datasets\captcha_images_v2\xat632.png,xat632
Datasets\captcha_images_v2\g46vah.png,g46vah
Datasets\captcha_images_v2\lknf9q.png,lknf9q
Datasets\captcha_images_v2\5ukife.png,5ukife
Datasets\captcha_images_v2\bd5brw.png,bd5brw
Datasets\captcha_images_v2\4wkp1x.png,4wkp1x
Datasets\captcha_images_v2\rvk45t.png,rvk45t
Datasets\captcha_images_v2\qcm4qj.png,qcm4qj
Datasets\captcha_images_v2\p3n0be.png,p3n0be
Datasets\captcha_images_v2\ozs5gw.png,ozs5gw
Datasets\captcha_images_v2\nm0ak9.png,nm0ak9
Datasets\captcha_images_v2\v6nvvx.png,v6nvvx
Datasets\captcha_images_v2\9ytiag.png,9ytiag
Datasets\captcha_images_v2\nveze0.png,nveze0
Datasets\captcha_images_v2\xhfi2y.png,xhfi2y
Datasets\captcha_images_v2\hffgun.png,hffgun
Datasets\captcha_images_v2\oi46i5.png,oi46i5
Datasets\captcha_images_v2\1byniq.png,1byniq
Datasets\captcha_images_v2\h0wh35.png,h0wh35
Datasets\captcha_images_v2\werf4g.png,werf4g
Datasets\captcha_images_v2\h3hq8k.png,h3hq8k
Datasets\captcha_images_v2\xb0qr3.png,xb0qr3
Datasets\captcha_images_v2\t74sci.png,t74sci
Datasets\captcha_images_v2\1epqwn.png,1epqwn
Datasets\captcha_images_v2\r8allq.png,r8allq
Datasets\captcha_images_v2\cfr32y.png,cfr32y
Datasets\captcha_images_v2\svpzct.png,svpzct
Datasets\captcha_images_v2\cmxt6o.png,cmxt6o
Datasets\captcha_images_v2\rvoedw.png,rvoedw
Datasets\captcha_images_v2\vh0fax.png,vh0fax
Datasets\captcha_images_v2\i0ww0b.png,i0ww0b
Datasets\captcha_images_v2\vr7k14.png,vr7k14
Datasets\captcha_images_v2\78gjti.png,78gjti
Datasets\captcha_images_v2\um5dun.png,um5dun
Datasets\captcha_images_v2\7c05rn.png,7c05rn
Datasets\captcha_images_v2\71ctp9.png,71ctp9
Datasets\captcha_images_v2\oow4sd.png,oow4sd
Datasets\captcha_images_v2\6xw3ys.png,6xw3ys
Datasets\captcha_images_v2\dp0fi9.png,dp0fi9
Datasets\captcha_images_v2\obnjh1.png,obnjh1
Datasets\captcha_images_v2\o4nplt.png,o4nplt
Datasets\captcha_images_v2\srpzpk.png,srpzpk
Datasets\captcha_images_v2\720oqu.png,720oqu
Datasets\captcha_images_v2\kr665m.png,kr665m
Datasets\captcha_images_v2\jval4h.png,jval4h
Datasets\captcha_images_v2\qiq113.png,qiq113
Datasets\captcha_images_v2\z4ydn3.png,z4ydn3
Datasets\captcha_images_v2\zudrv2.png,zudrv2
Datasets\captcha_images_v2\5krno6.png,5krno6
Datasets\captcha_images_v2\9e6jb9.png,9e6jb9
Datasets\captcha_images_v2\4tg4qv.png,4tg4qv
Datasets\captcha_images_v2\eu5hov.png,eu5hov
Datasets\captcha_images_v2\kr0dxg.png,kr0dxg
Datasets\captcha_images_v2\1om5xc.png,1om5xc
Datasets\captcha_images_v2\e5l96w.png,e5l96w
Datasets\captcha_images_v2\1zomhl.png,1zomhl
Datasets\captcha_images_v2\np7br9.png,np7br9
Datasets\captcha_images_v2\xmqx88.png,xmqx88
Datasets\captcha_images_v2\cwbudl.png,cwbudl
Datasets\captcha_images_v2\xdbkgo.png,xdbkgo
Datasets\captcha_images_v2\aax9e3.png,aax9e3
Datasets\captcha_images_v2\5xalmq.png,5xalmq
Datasets\captcha_images_v2\a2v7sr.png,a2v7sr
Datasets\captcha_images_v2\uzsgtv.png,uzsgtv
Datasets\captcha_images_v2\mbbwqp.png,mbbwqp
Datasets\captcha_images_v2\6vbwgs.png,6vbwgs
Datasets\captcha_images_v2\snvjyg.png,snvjyg
Datasets\captcha_images_v2\6y5l2v.png,6y5l2v
Datasets\captcha_images_v2\mqd7nz.png,mqd7nz
Datasets\captcha_images_v2\z3m5e4.png,z3m5e4
Datasets\captcha_images_v2\tlvtpk.png,tlvtpk
Datasets\captcha_images_v2\637o91.png,637o91
Datasets\captcha_images_v2\wtcq75.png,wtcq75
Datasets\captcha_images_v2\5dhq0c.png,5dhq0c
Datasets\captcha_images_v2\t8uvjk.png,t8uvjk
Datasets\captcha_images_v2\v1pr2x.png,v1pr2x
Datasets\captcha_images_v2\03jzg2.png,03jzg2
Datasets\captcha_images_v2\fjm501.png,fjm501
Datasets\captcha_images_v2\6qaap4.png,6qaap4
Datasets\captcha_images_v2\oypbx3.png,oypbx3
Datasets\captcha_images_v2\uz43d5.png,uz43d5
Datasets\captcha_images_v2\57e5f4.png,57e5f4
Datasets\captcha_images_v2\0l4tl1.png,0l4tl1
Datasets\captcha_images_v2\wp1csi.png,wp1csi
Datasets\captcha_images_v2\rvr8n8.png,rvr8n8
Datasets\captcha_images_v2\0dh19y.png,0dh19y
Datasets\captcha_images_v2\yhncga.png,yhncga
Datasets\captcha_images_v2\t932go.png,t932go
Datasets\captcha_images_v2\34o1eo.png,34o1eo
Datasets\captcha_images_v2\o76hxg.png,o76hxg
Datasets\captcha_images_v2\wezwc4.png,wezwc4
Datasets\captcha_images_v2\v78ha4.png,v78ha4
Datasets\captcha_images_v2\waj9jt.png,waj9jt
Datasets\captcha_images_v2\2afra1.png,2afra1
Datasets\captcha_images_v2\jwwisx.png,jwwisx
Datasets\captcha_images_v2\knzd85.png,knzd85
Datasets\captcha_images_v2\brc938.png,brc938
Datasets\captcha_images_v2\lpqtoq.png,lpqtoq
Datasets\captcha_images_v2\u90amg.png,u90amg
Datasets\captcha_images_v2\qgtjea.png,qgtjea
Datasets\captcha_images_v2\8q9lfl.png,8q9lfl
Datasets\captcha_images_v2\veumoh.png,veumoh
Datasets\captcha_images_v2\8wf1lv.png,8wf1lv
Datasets\captcha_images_v2\7u790o.png,7u790o
Datasets\captcha_images_v2\rdeo24.png,rdeo24
Datasets\captcha_images_v2\oo1k17.png,oo1k17
Datasets\captcha_images_v2\ezax3u.png,ezax3u
Datasets\captcha_images_v2\0y8gq8.png,0y8gq8
Datasets\captcha_images_v2\5xglox.png,5xglox
Datasets\captcha_images_v2\qedhce.png,qedhce
Datasets\captcha_images_v2\hy1p6d.png,hy1p6d
Datasets\captcha_images_v2\b8rbuo.png,b8rbuo
Datasets\captcha_images_v2\4cfxyg.png,4cfxyg
Datasets\captcha_images_v2\2i877d.png,2i877d
Datasets\captcha_images_v2\eyiww7.png,eyiww7
Datasets\captcha_images_v2\o0698b.png,o0698b
Datasets\captcha_images_v2\parhg9.png,parhg9
Datasets\captcha_images_v2\i09mqm.png,i09mqm
Datasets\captcha_images_v2\ecs7sv.png,ecs7sv
Datasets\captcha_images_v2\7gqlro.png,7gqlro
Datasets\captcha_images_v2\00k0nu.png,00k0nu
Datasets\captcha_images_v2\c8xy1y.png,c8xy1y
Datasets\captcha_images_v2\kbm5td.png,kbm5td
Datasets\captcha_images_v2\qcm88c.png,qcm88c
Datasets\captcha_images_v2\ugjub8.png,ugjub8
Datasets\captcha_images_v2\2alnco.png,2alnco
Datasets\captcha_images_v2\77imst.png,77imst
Datasets\captcha_images_v2\6f16wb.png,6f16wb
Datasets\captcha_images_v2\zyc3l9.png,zyc3l9
Datasets\captcha_images_v2\c60s73.png,c60s73
Datasets\captcha_images_v2\x8svq3.png,x8svq3
Datasets\captcha_images_v2\40dkeh.png,40dkeh
Datasets\captcha_images_v2\zwjsuo.png,zwjsuo
Datasets\captcha_images_v2\2241ew.png,2241ew
Datasets\captcha_images_v2\y9agnh.png,y9agnh
Datasets\captcha_images_v2\9anuvo.png,9anuvo
Datasets\captcha_images_v2\zndgug.png,zndgug
Datasets\captcha_images_v2\2txs13.png,2txs13
Datasets\captcha_images_v2\d2flyq.png,d2flyq
Datasets\captcha_images_v2\tyxg6w.png,tyxg6w
Datasets\captcha_images_v2\4pgqdq.png,4pgqdq
Datasets\captcha_images_v2\xq3xda.png,xq3xda
Datasets\captcha_images_v2\ktp9jh.png,ktp9jh
Datasets\captcha_images_v2\csarrl.png,csarrl
Datasets\captcha_images_v2\x7p51x.png,x7p51x
Datasets\captcha_images_v2\29zds2.png,29zds2
Datasets\captcha_images_v2\i3mybu.png,i3mybu
Datasets\captcha_images_v2\bc720p.png,bc720p
Datasets\captcha_images_v2\cusy1v.png,cusy1v
Datasets\captcha_images_v2\0jv3sw.png,0jv3sw
Datasets\captcha_images_v2\b4s2zs.png,b4s2zs
Datasets\captcha_images_v2\ddl7e34.png,ddl7e34
Datasets\captcha_images_v2\z1xwla.png,z1xwla
Datasets\captcha_images_v2\xelzx7.png,xelzx7
Datasets\captcha_images_v2\mdkn2t.png,mdkn2t
Datasets\captcha_images_v2\u6fauc.png,u6fauc
Datasets\captcha_images_v2\324ybs.png,324ybs
Datasets\captcha_images_v2\3nx05c.png,3nx05c
Datasets\captcha_images_v2\q0d0qp.png,q0d0qp
Datasets\captcha_images_v2\7o3gcz.png,7o3gcz
Datasets\captcha_images_v2\9uh4pm.png,9uh4pm
Datasets\captcha_images_v2\jsh9sq.png,jsh9sq
Datasets\captcha_images_v2\if2p9u.png,if2p9u
Datasets\captcha_images_v2\kp9eo4.png,kp9eo4
Datasets\captcha_images_v2\vnwmvd.png,vnwmvd
Datasets\captcha_images_v2\dwnzd4.png,dwnzd4
Datasets\captcha_images_v2\16rs84.png,16rs84
Datasets\captcha_images_v2\ltumbk.png,ltumbk
Datasets\captcha_images_v2\ngjv3e.png,ngjv3e
Datasets\captcha_images_v2\8388gn.png,8388gn
Datasets\captcha_images_v2\u82k4p.png,u82k4p
Datasets\captcha_images_v2\nemi9b.png,nemi9b
Datasets\captcha_images_v2\4arz44.png,4arz44
Datasets\captcha_images_v2\y6um2l.png,y6um2l
Datasets\captcha_images_v2\gnar5m.png,gnar5m
Datasets\captcha_images_v2\xjpfvk.png,xjpfvk
Datasets\captcha_images_v2\d2hn4v.png,d2hn4v
Datasets\captcha_images_v2\yf818g.png,yf818g
Datasets\captcha_images_v2\x6xsl1.png,x6xsl1
Datasets\captcha_images_v2\57vzfw.png,57vzfw
Datasets\captcha_images_v2\pjitsu.png,pjitsu
Datasets\captcha_images_v2\m2pnib.png,m2pnib
Datasets\captcha_images_v2\g6w2z0.png,g6w2z0
Datasets\captcha_images_v2\utq8ai.png,utq8ai
Datasets\captcha_images_v2\zp5m29.png,zp5m29
Datasets\captcha_images_v2\virvqd.png,virvqd
Datasets\captcha_images_v2\cs44nt.png,cs44nt
Datasets\captcha_images_v2\57juc0.png,57juc0
Datasets\captcha_images_v2\vkvlvi.png,vkvlvi
Datasets\captcha_images_v2\gj3rpp.png,gj3rpp
Datasets\captcha_images_v2\vn1g68.png,vn1g68
Datasets\captcha_images_v2\bb7449.png,bb7449
Datasets\captcha_images_v2\ek78za.png,ek78za
Datasets\captcha_images_v2\n0sjsr.png,n0sjsr
Datasets\captcha_images_v2\ncjwsk.png,ncjwsk
Datasets\captcha_images_v2\xqyyxd.png,xqyyxd
Datasets\captcha_images_v2\e5s0x7.png,e5s0x7
Datasets\captcha_images_v2\sjs1fu.png,sjs1fu
